Currency,Rate,Inverse
Argentine Peso,1120.976788,0.000892
Australian Dollar,1.556962,0.642277
Bahraini Dinar,0.376,2.659574
Botswana Pula,13.567659,0.073705
Brazilian Real,5.685899,0.175874
Bruneian Dollar,1.295955,0.771632
Bulgarian Lev,1.729703,0.578134
Canadian Dollar,1.387806,0.720562
Chilean Peso,942.450198,0.001061
Chinese Yuan Renminbi,7.235548,0.138207
Colombian Peso,4265.892586,0.000234
Czech Koruna,22.023235,0.045407
Danish Krone,6.597841,0.151565
Euro,0.884383,1.130732
Hong Kong Dollar,7.768883,0.128719
Hungarian Forint,358.269404,0.002791
Icelandic Krona,129.565073,0.007718
Indian Rupee,85.454463,0.011702
Indonesian Rupiah,16489.46145,6.1e-05
Iranian Rial,42109.764675,2.4e-05
Israeli Shekel,3.583132,0.279085
Japanese Yen,144.472193,0.006922
Kazakhstani Tenge,516.069934,0.001938
South Korean Won,1396.004064,0.000716
Kuwaiti Dinar,0.306546,3.262154
Libyan Dinar,5.468525,0.182865
Malaysian Ringgit,4.279748,0.233659
Mauritian Rupee,45.369067,0.022041
Mexican Peso,19.539744,0.051178
Nepalese Rupee,136.791232,0.00731
New Zealand Dollar,1.685183,0.593407
Norwegian Krone,10.359202,0.096533
Omani Rial,0.384995,2.597436
Pakistani Rupee,281.515377,0.003552
Philippine Peso,55.588433,0.017989
Polish Zloty,3.765755,0.265551
Qatari Riyal,3.64,0.274725
Romanian New Leu,4.53126,0.220689
Russian Ruble,82.515741,0.012119
Saudi Arabian Riyal,3.75,0.266667
Singapore Dollar,1.295955,0.771632
South African Rand,18.132958,0.055148
Sri Lankan Rupee,299.342426,0.003341
Swedish Krona,9.641368,0.10372
Swiss Franc,0.825163,1.211882
Taiwan New Dollar,30.183372,0.033131
Thai Baht,32.803263,0.030485
Trinidadian Dollar,6.792522,0.147221
Turkish Lira,38.637697,0.025881
Emirati Dirham,3.6725,0.272294
British Pound,0.749823,1.333648
